conversation_id,analysis,main_topic,subtopics,communication_style,key_challenges,success_factors,sentiment_score,user_engagement,dialog_success,user_feedback_score,topic_cluster,challenge_clusters,success_factor_clusters
1,"main_topic='Preparing for a difficult conversation with unresponsive managers' subtopics=['Importance of training', 'Challenges with manager engagement', 'Personal feelings related to the situation', 'Communicating effectively', 'Strategies for collaboration'] communication_style='Supportive and exploratory' key_challenges=['Low response and enrollment rates from managers', 'Feelings of being undervalued', 'Need for recognition and collaboration', 'Difficulty in conveying the importance of training'] success_factors=['Empathetic listening by the assistant', 'Structured approach to identifying feelings and underlying values', 'Encouragement to clarify facts versus assumptions', 'Providing practical communication strategies'] sentiment_score=4 user_engagement=5 dialog_success=1 user_feedback_score=5",Preparing for a difficult conversation with unresponsive managers,"['Importance of training', 'Challenges with manager engagement', 'Personal feelings related to the situation', 'Communicating effectively', 'Strategies for collaboration']",Supportive and exploratory,"['Low response and enrollment rates from managers', 'Feelings of being undervalued', 'Need for recognition and collaboration', 'Difficulty in conveying the importance of training']","['Empathetic listening by the assistant', 'Structured approach to identifying feelings and underlying values', 'Encouragement to clarify facts versus assumptions', 'Providing practical communication strategies']",4,5,1,5,[Difficult Conversations with Leadership and Clients],"['[Team Dynamics and Performance Concerns]', '[Employee Engagement and Feelings of Value]', 'Need for recognition and collaboration', '[Infrastructure and Documentation Challenges]']","['Empathetic listening by the assistant', 'Structured approach to identifying feelings and underlying values', 'Encouragement to clarify facts versus assumptions', '[Skill Development and Communication Strategies]']"
2,"main_topic='Review of a difficult conversation regarding performance issues' subtopics=['Performance issues during on-call rotations', 'Emotional responses to feedback', 'Communication strategies for difficult conversations'] communication_style='Empathetic and supportive inquiry' key_challenges=[""Senior developer's feelings of being attacked"", ""Tech lead's silent listening could be misinterpreted"", 'Unspoken issues affecting performance were not addressed'] success_factors=['Planned conversation structure', ""Tech lead's intention to understand"", 'Creating space for the senior developer to clarify'] sentiment_score=4 user_engagement=5 dialog_success=1 user_feedback_score=5",Review of a difficult conversation regarding performance issues,"['Performance issues during on-call rotations', 'Emotional responses to feedback', 'Communication strategies for difficult conversations']",Empathetic and supportive inquiry,"[""Senior developer's feelings of being attacked"", ""Tech lead's silent listening could be misinterpreted"", 'Unspoken issues affecting performance were not addressed']","['Planned conversation structure', ""Tech lead's intention to understand"", 'Creating space for the senior developer to clarify']",4,5,1,5,[Difficult Conversations with Leadership and Clients],"['[Interpersonal Conflicts and Emotional Responses]', ""Tech lead's silent listening could be misinterpreted"", '[Communication and Miscommunication Issues]']","['Planned conversation structure', ""Tech lead's intention to understand"", 'Creating space for the senior developer to clarify']"
3,"main_topic='Preparing for a difficult conversation with a client' subtopics=['Discussion of team structure and roles', 'Balancing cost concerns with team advocacy', 'Strategies for effective communication', 'Pilot proposal for a new role'] communication_style='Collaborative and supportive' key_challenges=[""Client's focus on cost-cutting"", 'Building trust with a new client', 'Concerns about losing valuable talent', 'Lack of support from direct manager'] success_factors=['Clear articulation of the situation and concerns', 'Emphasis on collaboration and understanding the client’s priorities', 'Use of structured dialogue to explore options', 'Development of a detailed proposal for pilot implementation'] sentiment_score=4 user_engagement=5 dialog_success=1 user_feedback_score=5",Preparing for a difficult conversation with a client,"['Discussion of team structure and roles', 'Balancing cost concerns with team advocacy', 'Strategies for effective communication', 'Pilot proposal for a new role']",Collaborative and supportive,"[""Client's focus on cost-cutting"", 'Building trust with a new client', 'Concerns about losing valuable talent', 'Lack of support from direct manager']","['Clear articulation of the situation and concerns', 'Emphasis on collaboration and understanding the client’s priorities', 'Use of structured dialogue to explore options', 'Development of a detailed proposal for pilot implementation']",4,5,1,5,[Difficult Conversations with Leadership and Clients],"[""Client's focus on cost-cutting"", 'Building trust with a new client', '[Employee Well-being and Job Security]', '[Management and Decision-Making Struggles]']","['[Structured Conversations and Presentations]', '[Collaborative Solutions and Relationship Building]', 'Use of structured dialogue to explore options', '[Structured Conversations and Presentations]']"
4,"main_topic='Reviewing a difficult conversation about low performance during on-call rotations' subtopics=['Feelings of being attacked', 'Empathy and understanding', 'Potential underlying issues like having a second job', 'Communication strategies for improvement'] communication_style='Supportive and reflective' key_challenges=['Perceived defensiveness from the senior developer', ""Tech lead's silence possibly leading to misunderstandings"", 'Unspoken feelings and thoughts not being addressed'] success_factors=['Open-ended questions encouraging dialogue', ""Tech lead's willingness to listen and understand"", 'Creating a space for the senior developer to clarify her perspective'] sentiment_score=4 user_engagement=5 dialog_success=1 user_feedback_score=5",Reviewing a difficult conversation about low performance during on-call rotations,"['Feelings of being attacked', 'Empathy and understanding', 'Potential underlying issues like having a second job', 'Communication strategies for improvement']",Supportive and reflective,"['Perceived defensiveness from the senior developer', ""Tech lead's silence possibly leading to misunderstandings"", 'Unspoken feelings and thoughts not being addressed']","['Open-ended questions encouraging dialogue', ""Tech lead's willingness to listen and understand"", 'Creating a space for the senior developer to clarify her perspective']",4,5,1,5,[Difficult Conversations with Leadership and Clients],"['[Interpersonal Conflicts and Emotional Responses]', '[Communication and Miscommunication Issues]', '[Communication and Miscommunication Issues]']","['Open-ended questions encouraging dialogue', ""Tech lead's willingness to listen and understand"", 'Creating a space for the senior developer to clarify her perspective']"
5,"main_topic='Addressing process adherence within a team' subtopics=['Impact of bypassing processes on workload', 'Team dynamics and leadership influence', 'Strategies for effective communication'] communication_style='Supportive and exploratory' key_challenges=['Team members not following critical processes', ""New leader's lack of appreciation for standard processes"", ""User's sense of frustration and feeling undervalued""] success_factors=['Effective listening and understanding by the assistant', 'Exploration of unexpressed thoughts and feelings', 'Identification of core values and facts versus thoughts'] sentiment_score=4 user_engagement=5 dialog_success=1 user_feedback_score=5",Addressing process adherence within a team,"['Impact of bypassing processes on workload', 'Team dynamics and leadership influence', 'Strategies for effective communication']",Supportive and exploratory,"['Team members not following critical processes', ""New leader's lack of appreciation for standard processes"", ""User's sense of frustration and feeling undervalued""]","['Effective listening and understanding by the assistant', 'Exploration of unexpressed thoughts and feelings', 'Identification of core values and facts versus thoughts']",4,5,1,5,[Team and Employee Performance Management],"['[Team Dynamics and Performance Concerns]', ""New leader's lack of appreciation for standard processes"", '[Employee Engagement and Feelings of Value]']","['[Effective Listening and Empathetic Engagement]', '[Exploring Feelings and Unexpressed Thoughts]', '[Core Values and Understanding Perspectives]']"
6,"main_topic=""Review of a difficult conversation regarding a team member's promotion request"" subtopics=['Promotion and salary increase request', ""Manager's role and constraints"", 'Career growth expectations', 'Skills assessment and development'] communication_style='Supportive and exploratory' key_challenges=[""Manager's limitations in decision-making"", 'Potential dissatisfaction of the team member', 'Need for a clear promotion process'] success_factors=['Active listening by the assistant', 'Encouragement of open dialogue', 'Exploration of unexpressed feelings and assumptions', 'Setting a collaborative path for skill development'] sentiment_score=4 user_engagement=5 dialog_success=1 user_feedback_score=5",Review of a difficult conversation regarding a team member's promotion request,"['Promotion and salary increase request', ""Manager's role and constraints"", 'Career growth expectations', 'Skills assessment and development']",Supportive and exploratory,"[""Manager's limitations in decision-making"", 'Potential dissatisfaction of the team member', 'Need for a clear promotion process']","['Active listening by the assistant', 'Encouragement of open dialogue', 'Exploration of unexpressed feelings and assumptions', 'Setting a collaborative path for skill development']",4,5,1,5,[Difficult Conversations with Leadership and Clients],"['[Management and Decision-Making Struggles]', '[Team Dynamics and Performance Concerns]', '[Infrastructure and Documentation Challenges]']","['[Effective Listening and Empathetic Engagement]', '[Encouraging Open Dialogue and Clarification]', 'Exploration of unexpressed feelings and assumptions', '[Skill Development and Communication Strategies]']"
7,"main_topic=""Addressing a teammate's shift schedule change"" subtopics=['Concerns about fairness and transparency', 'Impact on team dynamics and project collaboration', 'Approach to communicating with management'] communication_style='Supportive, reflective, collaborative' key_challenges=[""User's anxiety about addressing management decisions"", 'Concerns regarding fairness and potential team resentment', 'Navigating communication without complete information'] success_factors=['Open-ended questions from the assistant', ""Empathy and validation of user's feelings"", 'Focus on values such as fairness and transparency'] sentiment_score=4 user_engagement=5 dialog_success=1 user_feedback_score=5",Addressing a teammate's shift schedule change,"['Concerns about fairness and transparency', 'Impact on team dynamics and project collaboration', 'Approach to communicating with management']","Supportive, reflective, collaborative","[""User's anxiety about addressing management decisions"", 'Concerns regarding fairness and potential team resentment', 'Navigating communication without complete information']","['Open-ended questions from the assistant', ""Empathy and validation of user's feelings"", 'Focus on values such as fairness and transparency']",4,5,1,5,[Personal Conversations and Conflicts],"['[Employee Well-being and Job Security]', '[Team Dynamics and Performance Concerns]', '[Communication and Miscommunication Issues]']","['Open-ended questions from the assistant', '[Effective Listening and Empathetic Engagement]', '[Core Values and Understanding Perspectives]']"
8,"main_topic='Preparing for a difficult conversation with a cousin' subtopics=['Communication challenges', 'Emotional connection and respect', 'Strategies for effective communication'] communication_style='Supportive and inquiry-based' key_challenges=[""Cousin's interruptions and belittling behavior"", ""User's feelings of hurt and disappointment"", 'Difficulty in effectively expressing feelings'] success_factors=['Identifying and articulating core values', 'Breaking down facts, thoughts, and assumptions', 'Practicing specific communication strategies'] sentiment_score=4 user_engagement=5 dialog_success=1 user_feedback_score=5",Preparing for a difficult conversation with a cousin,"['Communication challenges', 'Emotional connection and respect', 'Strategies for effective communication']",Supportive and inquiry-based,"[""Cousin's interruptions and belittling behavior"", ""User's feelings of hurt and disappointment"", 'Difficulty in effectively expressing feelings']","['Identifying and articulating core values', 'Breaking down facts, thoughts, and assumptions', 'Practicing specific communication strategies']",4,5,1,5,[Personal Conversations and Conflicts],"['[Interpersonal Conflicts and Emotional Responses]', '[Interpersonal Conflicts and Emotional Responses]', '[Communication and Miscommunication Issues]']","['Identifying and articulating core values', 'Breaking down facts, thoughts, and assumptions', '[Skill Development and Communication Strategies]']"
9,"main_topic='Employee dissatisfaction with bonus component timing' subtopics=[""Context of the employee's role"", ""Employee's unexpressed thoughts and feelings"", 'Core values affected by the bonus structure', 'Facts versus interpretations using the ladder of inference'] communication_style='Supportive and exploratory' key_challenges=[""Employee's feelings of unfairness regarding bonus timing"", ""Employee's influence from previous experiences with bonuses"", 'Navigating the conversation with HR involvement'] success_factors=['Clarification of the situation through open-ended questions', 'Understanding and summarizing key points of dissatisfaction', 'Exploration of underlying emotions and values'] sentiment_score=3 user_engagement=4 dialog_success=1 user_feedback_score=4",Employee dissatisfaction with bonus component timing,"[""Context of the employee's role"", ""Employee's unexpressed thoughts and feelings"", 'Core values affected by the bonus structure', 'Facts versus interpretations using the ladder of inference']",Supportive and exploratory,"[""Employee's feelings of unfairness regarding bonus timing"", ""Employee's influence from previous experiences with bonuses"", 'Navigating the conversation with HR involvement']","['Clarification of the situation through open-ended questions', 'Understanding and summarizing key points of dissatisfaction', 'Exploration of underlying emotions and values']",3,4,1,4,[Client and Customer Management Issues],"['[Employee Engagement and Feelings of Value]', ""Employee's influence from previous experiences with bonuses"", '[Management and Decision-Making Struggles]']","['Clarification of the situation through open-ended questions', 'Understanding and summarizing key points of dissatisfaction', '[Encouraging Open Dialogue and Clarification]']"
10,"main_topic='Preparing for a difficult conversation regarding feature design and organizational processes' subtopics=['Frustration with reassessment of feature design', 'Concerns about organizational processes', 'Balancing control and innovation', 'Adherence to agile principles'] communication_style='Collaborative and reflective' key_challenges=['Defending a compromised idea', 'Navigating frustrations with decision-making', 'Feeling stifled in creativity and innovation', 'Managing organizational bureaucracy'] success_factors=['Identifying and articulating feelings', 'Separating facts from thoughts', 'Understanding different perspectives', 'Providing a structured approach to the conversation'] sentiment_score=4 user_engagement=5 dialog_success=1 user_feedback_score=5",Preparing for a difficult conversation regarding feature design and organizational processes,"['Frustration with reassessment of feature design', 'Concerns about organizational processes', 'Balancing control and innovation', 'Adherence to agile principles']",Collaborative and reflective,"['Defending a compromised idea', 'Navigating frustrations with decision-making', 'Feeling stifled in creativity and innovation', 'Managing organizational bureaucracy']","['Identifying and articulating feelings', 'Separating facts from thoughts', 'Understanding different perspectives', 'Providing a structured approach to the conversation']",4,5,1,5,[Difficult Conversations with Leadership and Clients],"['[Management and Decision-Making Struggles]', '[Communication and Miscommunication Issues]', '[Interpersonal Conflicts and Emotional Responses]', '[Infrastructure and Documentation Challenges]']","['[Exploring Feelings and Unexpressed Thoughts]', 'Separating facts from thoughts', 'Understanding different perspectives', '[Structured Conversations and Presentations]']"
11,"main_topic='Documentation of Coaching Sessions' subtopics=['Accountability', 'Process Effectiveness', 'Team Performance', 'Documentation Importance'] communication_style='Supportive and Analytical' key_challenges=['Initial defensiveness from Andrea', 'Miscommunication regarding the importance of documentation', 'Concerns about team performance due to lack of documentation'] success_factors=['Willingness to reflect on unexpressed thoughts and feelings', 'Recognition of accountability and process effectiveness as core values', 'Practice of using factual statements for clearer communication'] sentiment_score=4 user_engagement=5 dialog_success=1 user_feedback_score=5",Documentation of Coaching Sessions,"['Accountability', 'Process Effectiveness', 'Team Performance', 'Documentation Importance']",Supportive and Analytical,"['Initial defensiveness from Andrea', 'Miscommunication regarding the importance of documentation', 'Concerns about team performance due to lack of documentation']","['Willingness to reflect on unexpressed thoughts and feelings', 'Recognition of accountability and process effectiveness as core values', 'Practice of using factual statements for clearer communication']",4,5,1,5,[Team and Employee Performance Management],"['[Interpersonal Conflicts and Emotional Responses]', '[Communication and Miscommunication Issues]', '[Infrastructure and Documentation Challenges]']","['[Exploring Feelings and Unexpressed Thoughts]', 'Recognition of accountability and process effectiveness as core values', 'Practice of using factual statements for clearer communication']"
12,"main_topic='Client escalation regarding unresolved hold tickets' subtopics=['Performance of team members', 'Impact of internal resource movement', 'Training of new team members', 'Workload distribution'] communication_style='Conversational and exploratory, focused on understanding context and emotions' key_challenges=['Unresolved hold tickets leading to client dissatisfaction', 'Inexperienced team members affecting performance', 'Lack of effective monitoring mechanisms', 'Ineffective workload distribution'] success_factors=['Open dialogue about roles and responsibilities', 'Willingness to analyze the situation deeply', 'Exploration of unexpressed thoughts and feelings'] sentiment_score=3 user_engagement=5 dialog_success=1 user_feedback_score=4",Client escalation regarding unresolved hold tickets,"['Performance of team members', 'Impact of internal resource movement', 'Training of new team members', 'Workload distribution']","Conversational and exploratory, focused on understanding context and emotions","['Unresolved hold tickets leading to client dissatisfaction', 'Inexperienced team members affecting performance', 'Lack of effective monitoring mechanisms', 'Ineffective workload distribution']","['Open dialogue about roles and responsibilities', 'Willingness to analyze the situation deeply', 'Exploration of unexpressed thoughts and feelings']",3,5,1,4,[Client and Customer Management Issues],"['Unresolved hold tickets leading to client dissatisfaction', '[Team Dynamics and Performance Concerns]', '[Team Dynamics and Performance Concerns]', 'Ineffective workload distribution']","['Open dialogue about roles and responsibilities', 'Willingness to analyze the situation deeply', '[Exploring Feelings and Unexpressed Thoughts]']"
13,"main_topic='Discussion on salary disparity and the need for a raise' subtopics=[""User's feelings about recognition"", ""User's relationship with their boss"", 'Communication style between user and boss', 'Core values impacted (fairness and feeling valued)', 'Understanding of facts vs thoughts'] communication_style='Open and reflective' key_challenges=['User feels undervalued compared to peers', 'Anxiety about potential job changes if conversation is unsuccessful', ""Lack of visibility for user's contributions""] success_factors=[""Assistant's ability to encourage expression of feelings"", 'Clarification of facts vs thoughts', 'Exploration of core values and deeper truths'] sentiment_score=3 user_engagement=5 dialog_success=1 user_feedback_score=4",Discussion on salary disparity and the need for a raise,"[""User's feelings about recognition"", ""User's relationship with their boss"", 'Communication style between user and boss', 'Core values impacted (fairness and feeling valued)', 'Understanding of facts vs thoughts']",Open and reflective,"['User feels undervalued compared to peers', 'Anxiety about potential job changes if conversation is unsuccessful', ""Lack of visibility for user's contributions""]","[""Assistant's ability to encourage expression of feelings"", 'Clarification of facts vs thoughts', 'Exploration of core values and deeper truths']",3,5,1,4,[Salary and Compensation Discussions],"['[Employee Engagement and Feelings of Value]', '[Employee Well-being and Job Security]', ""Lack of visibility for user's contributions""]","[""Assistant's ability to encourage expression of feelings"", '[Encouraging Open Dialogue and Clarification]', '[Core Values and Understanding Perspectives]']"
14,"main_topic='Addressing promotion concerns within the IT team' subtopics=['Impact of external hiring on team morale', 'Documentation of team member achievements', 'Career progression for long-tenured employees', ""VP's receptiveness to feedback""] communication_style='Collaborative and reflective, focusing on open dialogue and understanding' key_challenges=['Resistance from the VP when addressing concerns', 'Lack of documented performance evidence for team members', 'Feeling of being undervalued and unheard', 'Concern for potential turnover of tenured team members'] success_factors=['Clear presentation of facts and concerns', ""Invitation for the VP's perspective"", 'Focus on collaboration and willingness to involve HR', 'Building a case around fairness and loyalty'] sentiment_score=5 user_engagement=5 dialog_success=1 user_feedback_score=5",Addressing promotion concerns within the IT team,"['Impact of external hiring on team morale', 'Documentation of team member achievements', 'Career progression for long-tenured employees', ""VP's receptiveness to feedback""]","Collaborative and reflective, focusing on open dialogue and understanding","['Resistance from the VP when addressing concerns', 'Lack of documented performance evidence for team members', 'Feeling of being undervalued and unheard', 'Concern for potential turnover of tenured team members']","['Clear presentation of facts and concerns', ""Invitation for the VP's perspective"", 'Focus on collaboration and willingness to involve HR', 'Building a case around fairness and loyalty']",5,5,1,5,[Team and Employee Performance Management],"['[Management and Decision-Making Struggles]', '[Infrastructure and Documentation Challenges]', '[Employee Engagement and Feelings of Value]', '[Employee Well-being and Job Security]']","['Clear presentation of facts and concerns', ""Invitation for the VP's perspective"", '[Collaborative Solutions and Relationship Building]', 'Building a case around fairness and loyalty']"
15,"main_topic='Preparing for a difficult conversation about an AI tool for language training' subtopics=['Concerns about investment in the AI tool', 'Recognition of contributions to the program', 'Potential shift in focus to a new in-house solution', 'Desire for collaboration with a new team'] communication_style='Collaborative and supportive' key_challenges=[""User's anxiety about the potential shift in investment"", ""Concerns about recognition of the user's contributions"", 'Worries about being excluded from the development process', 'Need for trust and transparency with the new team'] success_factors=['Assistance in identifying and clarifying concerns', 'Encouragement to express thoughts and feelings', 'Structured approach to prepare for the conversation', 'Focus on collaboration and shared goals'] sentiment_score=4 user_engagement=5 dialog_success=1 user_feedback_score=5",Preparing for a difficult conversation about an AI tool for language training,"['Concerns about investment in the AI tool', 'Recognition of contributions to the program', 'Potential shift in focus to a new in-house solution', 'Desire for collaboration with a new team']",Collaborative and supportive,"[""User's anxiety about the potential shift in investment"", ""Concerns about recognition of the user's contributions"", 'Worries about being excluded from the development process', 'Need for trust and transparency with the new team']","['Assistance in identifying and clarifying concerns', 'Encouragement to express thoughts and feelings', 'Structured approach to prepare for the conversation', 'Focus on collaboration and shared goals']",4,5,1,5,[Personal Conversations and Conflicts],"['[Employee Well-being and Job Security]', '[Employee Engagement and Feelings of Value]', '[Employee Well-being and Job Security]', '[Infrastructure and Documentation Challenges]']","['Assistance in identifying and clarifying concerns', 'Encouragement to express thoughts and feelings', '[Skill Development and Communication Strategies]', '[Structured Conversations and Presentations]']"
16,"main_topic='Negotiation strategy regarding severance payments in relation to job offers' subtopics=['Legal perspective on severance', 'Employee perspectives on loyalty and recognition', 'Alternative compensation options to severance'] communication_style='Empathetic, supportive, and collaborative' key_challenges=['Balancing employer financial interests with employee feelings of entitlement', ""Explaining the legal rationale behind the employer's decision on severance"", 'Addressing potential feelings of unfairness among employees'] success_factors=['Identification of the core issues and perspectives of both parties', 'Empathetic acknowledgment of employee contributions', 'Offering alternative solutions to convey appreciation'] sentiment_score=5 user_engagement=5 dialog_success=1 user_feedback_score=5",Negotiation strategy regarding severance payments in relation to job offers,"['Legal perspective on severance', 'Employee perspectives on loyalty and recognition', 'Alternative compensation options to severance']","Empathetic, supportive, and collaborative","['Balancing employer financial interests with employee feelings of entitlement', ""Explaining the legal rationale behind the employer's decision on severance"", 'Addressing potential feelings of unfairness among employees']","['Identification of the core issues and perspectives of both parties', 'Empathetic acknowledgment of employee contributions', 'Offering alternative solutions to convey appreciation']",5,5,1,5,[Salary and Compensation Discussions],"['[Management and Decision-Making Struggles]', '[Infrastructure and Documentation Challenges]', '[Employee Engagement and Feelings of Value]']","['[Core Values and Understanding Perspectives]', '[Effective Listening and Empathetic Engagement]', '[Collaborative Solutions and Relationship Building]']"
17,"main_topic='Addressing employee punctuality issues' subtopics=['Employee relationship dynamics', 'Employee contributions to the team', 'Frustration over repeated lateness', 'Core values of respect and adherence to norms', 'Effective communication strategies'] communication_style='Supportive, reflective, and consultative' key_challenges=[""Employee's recent start and understanding of company norms"", ""User's frustration due to previous unaddressed discussions about lateness"", 'Potential impact on team morale and leadership credibility'] success_factors=['Establishment of a positive relationship with the employee', 'Identification of core values related to the issue', ""Exploration of the employee's perspective through open-ended questions"", 'Provision of constructive strategies for the upcoming conversation'] sentiment_score=4 user_engagement=4 dialog_success=1 user_feedback_score=4",Addressing employee punctuality issues,"['Employee relationship dynamics', 'Employee contributions to the team', 'Frustration over repeated lateness', 'Core values of respect and adherence to norms', 'Effective communication strategies']","Supportive, reflective, and consultative","[""Employee's recent start and understanding of company norms"", ""User's frustration due to previous unaddressed discussions about lateness"", 'Potential impact on team morale and leadership credibility']","['Establishment of a positive relationship with the employee', 'Identification of core values related to the issue', ""Exploration of the employee's perspective through open-ended questions"", 'Provision of constructive strategies for the upcoming conversation']",4,4,1,4,[Team and Employee Performance Management],"[""Employee's recent start and understanding of company norms"", ""User's frustration due to previous unaddressed discussions about lateness"", '[Team Dynamics and Performance Concerns]']","['[Collaborative Solutions and Relationship Building]', 'Identification of core values related to the issue', '[Encouraging Open Dialogue and Clarification]', 'Provision of constructive strategies for the upcoming conversation']"
18,"main_topic='Preparing for a difficult conversation about team member burnout and dissatisfaction' subtopics=['Team dynamics and morale', 'Employee performance versus dissatisfaction', 'Salary comparisons and market realities', 'Balancing support with accountability'] communication_style='Collaborative and reflective' key_challenges=['Addressing employee burnout and dissatisfaction without breaking trust', ""Managing team perceptions of a team member's behavior"", 'Finding a balance between support and maintaining productivity', 'Recurrent nature of the issues despite previous discussions'] success_factors=[""The assistant's empathetic approach"", ""User's openness in sharing feelings and thoughts"", 'Focus on the deeper values influencing the situation', 'Encouragement to explore unexpressed feelings, leading to self-awareness'] sentiment_score=4 user_engagement=5 dialog_success=1 user_feedback_score=5",Preparing for a difficult conversation about team member burnout and dissatisfaction,"['Team dynamics and morale', 'Employee performance versus dissatisfaction', 'Salary comparisons and market realities', 'Balancing support with accountability']",Collaborative and reflective,"['Addressing employee burnout and dissatisfaction without breaking trust', ""Managing team perceptions of a team member's behavior"", 'Finding a balance between support and maintaining productivity', 'Recurrent nature of the issues despite previous discussions']","[""The assistant's empathetic approach"", ""User's openness in sharing feelings and thoughts"", 'Focus on the deeper values influencing the situation', 'Encouragement to explore unexpressed feelings, leading to self-awareness']",4,5,1,5,[Team and Employee Performance Management],"['[Employee Well-being and Job Security]', ""Managing team perceptions of a team member's behavior"", '[Interpersonal Conflicts and Emotional Responses]', '[Management and Decision-Making Struggles]']","[""The assistant's empathetic approach"", ""User's openness in sharing feelings and thoughts"", 'Focus on the deeper values influencing the situation', '[Exploring Feelings and Unexpressed Thoughts]']"
